Date,Advertising_Spend,Product_Price,Discount,Previous_Month_Sales,Store_Type,Product_Category,Sales
2023-01-01,40581.31,225.88,7.85,55452.72,Suburban,Furniture,44767.26
2023-01-02,95317.86,564.81,7.41,64751.1,Urban,Grocery,56354.93
2023-01-03,74539.42,879.3,27.19,23785.09,Urban,Furniture,48755.77
2023-01-04,61872.56,745.61,7.49,51865.56,Rural,Stationery,29189.1
2023-01-05,19821.77,816.23,8.16,47880.95,Rural,Stationery,20640.72
2023-01-06,19819.48,675.84,22.78,67462.28,Urban,Electronics,54040.08
2023-01-07,10517.94,707.66,13.49,72956.53,Urban,Furniture,41792.11
2023-01-08,87286.73,856.74,23.3,5911.76,Suburban,Furniture,41821.71
2023-01-09,62105.93,287.18,1.96,55551.49,Rural,Clothing,37899.31
2023-01-10,72266.89,514.95,14.63,8887.68,Suburban,Clothing,35953.73
2023-01-11,6955.53,260.15,1.01,46164.4,Suburban,Clothing,23898.63
2023-01-12,97141.44,988.28,1.88,26572.45,Suburban,Grocery,26327.61
2023-01-13,84082.05,946.86,27.19,28008.24,Urban,Clothing,49824.77
2023-01-14,25172.22,87.46,4.18,31471.89,Suburban,Furniture,29976.97
2023-01-15,22273.37,720.3,15.97,51596.93,Suburban,Grocery,36567.06
2023-01-16,22423.43,928.99,12.33,30053.75,Urban,Stationery,16468.12
2023-01-17,33903.01,221.55,10.42,59952.43,Rural,Electronics,44635.67
2023-01-18,54851.86,589.55,27.0,35339.55,Rural,Clothing,48629.99
2023-01-19,46034.78,919.71,0.65,10126.49,Suburban,Stationery,3651.75
2023-01-20,32666.77,82.25,19.91,63781.99,Urban,Furniture,64129.46
2023-01-21,63126.02,712.55,28.9,26431.87,Rural,Electronics,51764.36
2023-01-22,18251.92,332.48,16.81,37457.52,Suburban,Stationery,32142.07
2023-01-23,32753.74,928.18,28.1,56408.29,Suburban,Electronics,51243.69
2023-01-24,39804.38,972.51,1.57,29934.21,Urban,Clothing,13162.68
2023-01-25,48326.65,947.05,12.56,9243.92,Suburban,Furniture,20929.84
2023-01-26,79591.72,500.5,7.8,33044.08,Rural,Electronics,41283.76
2023-01-27,23969.01,868.94,21.92,75833.64,Urban,Stationery,49235.13
2023-01-28,53852.27,852.32,29.44,53130.08,Rural,Clothing,48961.58
2023-01-29,61279.38,353.15,7.7,55360.94,Rural,Clothing,39945.41
2023-01-30,9412.79,837.47,19.63,52421.16,Rural,Stationery,29021.64
2023-01-31,62716.76,85.16,5.94,19924.41,Suburban,Stationery,28286.56
2023-02-01,21199.79,616.46,16.96,36375.04,Suburban,Electronics,33239.8
2023-02-02,11179.9,268.51,13.92,61320.48,Rural,Grocery,40736.75
2023-02-03,95144.13,164.54,29.16,12602.97,Rural,Clothing,57737.63
2023-02-04,96735.04,123.11,18.26,25838.96,Urban,Electronics,68114.05
2023-02-05,81797.75,711.47,10.49,25723.93,Urban,Stationery,38880.23
2023-02-06,33938.31,372.88,3.42,37401.42,Suburban,Electronics,29271.74
2023-02-07,14278.85,738.53,4.54,78527.66,Suburban,Stationery,31613.44
2023-02-08,70002.14,112.09,6.76,10062.69,Urban,Furniture,37936.88
2023-02-09,46814.49,349.53,7.53,43902.57,Rural,Stationery,29200.65
2023-02-10,16593.63,562.52,25.52,18452.35,Suburban,Stationery,25611.85
2023-02-11,52041.81,801.19,16.84,77800.74,Rural,Stationery,47238.7
2023-02-12,8266.91,352.81,15.7,13497.76,Urban,Grocery,17387.66
2023-02-13,91385.44,644.6,3.44,35270.08,Suburban,Stationery,35841.29
2023-02-14,29584.1,891.68,25.8,60341.37,Suburban,Clothing,44884.0
2023-02-15,67939.62,635.07,21.68,57841.58,Urban,Clothing,54631.06
2023-02-16,34612.55,271.31,2.03,36704.65,Suburban,Electronics,32459.92
2023-02-17,54406.46,73.18,21.24,30989.31,Urban,Grocery,54275.76
2023-02-18,56937.48,876.59,16.31,34820.93,Suburban,Electronics,38719.75
2023-02-19,22561.17,70.21,2.45,24820.72,Urban,Clothing,25250.38
2023-02-20,97110.54,880.97,13.75,20399.97,Suburban,Clothing,39067.58
2023-02-21,78637.62,552.49,14.54,41227.98,Rural,Furniture,48949.02
2023-02-22,94252.4,942.11,4.97,25140.03,Rural,Stationery,26484.51
2023-02-23,90008.6,808.84,28.37,26559.62,Rural,Clothing,47351.3
2023-02-24,61800.5,998.04,25.5,54256.7,Suburban,Electronics,53993.74
2023-02-25,92578.05,383.18,20.07,77640.3,Suburban,Electronics,81181.74
2023-02-26,13406.79,778.83,13.87,50272.79,Rural,Stationery,22647.46
2023-02-27,23618.37,431.83,12.35,10773.46,Rural,Stationery,20607.41
2023-02-28,9296.59,505.88,19.53,10668.77,Urban,Furniture,23764.51
2023-03-01,35906.38,646.13,16.36,76356.74,Urban,Grocery,51980.29
2023-03-02,41924.34,879.99,1.87,27296.81,Urban,Electronics,19271.94
2023-03-03,30778.16,984.88,15.38,11905.02,Rural,Stationery,11021.33
2023-03-04,83730.06,779.86,24.19,49928.34,Rural,Electronics,53582.79
2023-03-05,38891.57,446.88,13.78,51773.66,Rural,Stationery,36438.63
2023-03-06,31688.78,450.29,1.56,53637.86,Urban,Clothing,30391.24
2023-03-07,56556.13,750.7,23.59,25055.15,Suburban,Electronics,42736.13
2023-03-08,18387.8,276.84,6.04,6133.3,Rural,Clothing,13861.57
2023-03-09,81208.71,154.95,7.76,77376.15,Suburban,Electronics,70158.34
2023-03-10,12082.31,386.89,4.94,23816.98,Suburban,Grocery,9692.01
2023-03-11,98754.26,322.88,9.91,55701.97,Suburban,Furniture,66762.85
2023-03-12,78363.25,331.49,22.7,57997.24,Urban,Clothing,68866.93
2023-03-13,23877.99,271.93,15.58,50750.56,Suburban,Stationery,38408.08
2023-03-14,5524.6,89.99,6.15,28468.05,Rural,Grocery,20003.97
2023-03-15,82468.84,66.98,26.33,25332.22,Urban,Electronics,67346.14
2023-03-16,72151.45,988.34,26.39,49825.12,Rural,Clothing,47603.21
2023-03-17,74255.68,456.38,26.12,69957.17,Rural,Electronics,71655.55
2023-03-18,78270.68,415.11,7.16,76005.03,Urban,Electronics,62933.24
2023-03-19,12034.24,695.66,13.54,12942.94,Rural,Electronics,13781.84
2023-03-20,39054.24,257.34,29.55,16612.15,Rural,Furniture,42181.97
2023-03-21,16007.56,952.46,23.16,75855.22,Urban,Furniture,45801.35
2023-03-22,86994.83,797.03,0.82,60240.14,Rural,Stationery,37874.46
2023-03-23,64213.32,134.94,1.96,71224.54,Suburban,Clothing,54594.36
2023-03-24,36435.31,446.7,13.92,20197.45,Rural,Grocery,26263.42
2023-03-25,11038.04,885.16,27.28,49068.94,Suburban,Grocery,38004.54
2023-03-26,34543.32,947.5,16.16,57585.47,Rural,Grocery,33849.88
2023-03-27,35892.42,494.03,14.93,56008.39,Urban,Electronics,48039.55
2023-03-28,74312.59,632.74,3.16,35611.38,Urban,Furniture,39660.14
2023-03-29,65567.96,208.68,19.7,6154.62,Rural,Clothing,34038.94
2023-03-30,89285.21,991.61,24.66,48719.45,Urban,Electronics,58322.37
2023-03-31,49860.42,270.09,11.41,23982.62,Rural,Furniture,31960.0
2023-04-01,16361.45,945.6,23.27,38769.07,Urban,Furniture,36823.06
2023-04-02,72758.25,667.16,28.93,76818.58,Suburban,Clothing,73574.7
2023-04-03,77274.58,627.35,6.11,34927.65,Rural,Clothing,34925.96
2023-04-04,58321.33,537.05,15.7,67985.12,Suburban,Clothing,57241.65
2023-04-05,78241.88,269.14,8.61,19140.55,Suburban,Electronics,39722.53
2023-04-06,51910.58,217.7,23.79,55434.54,Rural,Stationery,56491.86
2023-04-07,54659.62,259.46,17.33,78275.52,Suburban,Clothing,63927.7
2023-04-08,45616.4,227.12,19.04,12641.98,Rural,Stationery,33795.27
2023-04-09,7414.82,790.61,23.94,5624.0,Suburban,Electronics,19768.19
2023-04-10,15249.69,382.62,11.88,37518.71,Rural,Stationery,23776.25
2023-04-11,7985.77,104.95,27.45,11946.91,Rural,Grocery,32549.39
2023-04-12,65458.99,970.65,15.99,61128.83,Urban,Stationery,48812.85
2023-04-13,34863.82,889.6,4.74,73591.15,Rural,Clothing,30515.49
2023-04-14,53314.22,931.36,20.88,37551.57,Rural,Electronics,38530.47
2023-04-15,91218.82,995.16,23.8,24403.37,Suburban,Clothing,41461.7
2023-04-16,28682.76,215.2,9.5,37580.25,Rural,Grocery,24271.13
2023-04-17,43986.38,426.43,25.72,59258.59,Urban,Clothing,60392.2
2023-04-18,76777.36,770.33,27.18,5679.06,Suburban,Clothing,40642.19
2023-04-19,26735.83,711.22,8.31,49209.05,Suburban,Clothing,29070.54
2023-04-20,12313.09,196.2,29.51,50996.88,Urban,Furniture,52044.35
2023-04-21,32526.39,825.04,4.22,52826.62,Suburban,Grocery,24153.73
2023-04-22,20316.02,263.22,6.06,23151.66,Suburban,Clothing,16279.35
2023-04-23,93321.28,262.63,5.53,58553.95,Suburban,Clothing,60120.03
2023-04-24,81771.44,560.13,26.82,11854.36,Suburban,Clothing,43874.36
2023-04-25,65173.36,613.29,19.63,19945.28,Urban,Electronics,47410.35
2023-04-26,87788.76,601.08,4.56,70810.25,Urban,Furniture,60242.39
2023-04-27,81348.85,136.91,13.21,60404.24,Suburban,Electronics,64160.1
2023-04-28,22724.16,883.59,18.46,6030.92,Suburban,Furniture,13850.17
2023-04-29,89793.1,302.32,2.5,23628.22,Urban,Clothing,41125.09
2023-04-30,56237.51,173.04,26.47,21080.49,Urban,Grocery,49374.28
2023-05-01,81706.81,894.31,24.11,25310.47,Urban,Stationery,44660.44
2023-05-02,90128.67,957.87,15.16,23566.98,Suburban,Stationery,33571.43
2023-05-03,35210.33,869.02,29.01,9689.47,Suburban,Clothing,24491.71
2023-05-04,15454.93,819.04,12.53,39420.54,Rural,Electronics,18215.62
2023-05-05,26653.84,672.48,29.52,59955.01,Urban,Grocery,53698.25
2023-05-06,45575.24,573.31,20.04,50504.88,Suburban,Furniture,47283.64
2023-05-07,82711.4,132.64,19.04,55465.38,Urban,Clothing,67368.41
2023-05-08,86769.41,438.03,4.98,11086.19,Suburban,Grocery,32039.75
2023-05-09,5660.45,404.05,26.46,76361.8,Urban,Grocery,59308.59
2023-05-10,53520.99,296.77,12.82,67886.89,Suburban,Furniture,56372.15
2023-05-11,44654.05,737.25,4.87,65381.77,Rural,Grocery,32480.98
2023-05-12,26100.24,521.08,0.38,66723.79,Rural,Electronics,34525.98
2023-05-13,16387.21,126.99,16.79,74953.29,Urban,Electronics,56662.14
2023-05-14,37073.44,259.17,15.82,45819.05,Suburban,Electronics,48464.39
2023-05-15,94576.42,699.1,21.58,20021.15,Suburban,Grocery,47029.2
2023-05-16,35704.28,122.32,26.71,51258.77,Urban,Electronics,65728.2
2023-05-17,54285.11,858.65,2.38,60716.11,Suburban,Furniture,30426.02
2023-05-18,71786.8,520.39,21.94,60343.8,Urban,Grocery,60323.29
2023-05-19,39544.81,506.56,5.62,44108.68,Suburban,Stationery,27061.45
2023-05-20,97319.3,612.79,25.75,10134.4,Urban,Grocery,50112.85
2023-05-21,96432.49,833.45,24.57,32833.47,Suburban,Furniture,55875.42
2023-05-22,28919.32,380.42,16.22,74057.5,Urban,Stationery,56382.78
2023-05-23,52238.61,694.12,21.31,48833.67,Suburban,Grocery,44518.88
2023-05-24,33583.44,587.45,9.43,45374.9,Rural,Electronics,31658.29
2023-05-25,32059.85,303.68,14.14,25164.01,Suburban,Clothing,34972.58
2023-05-26,8504.26,884.7,24.65,32633.67,Urban,Clothing,30356.68
2023-05-27,62908.61,807.55,13.78,72150.96,Rural,Electronics,55264.04
2023-05-28,52754.51,675.53,10.73,54984.73,Suburban,Clothing,41547.63
2023-05-29,9890.48,858.05,14.83,64054.03,Rural,Clothing,27439.84
2023-05-30,31471.41,873.93,24.85,39075.91,Suburban,Electronics,36782.82
2023-05-31,91285.26,722.94,10.06,52268.54,Rural,Electronics,46171.96
2023-06-01,27758.38,845.16,5.21,23628.77,Urban,Grocery,16067.18
2023-06-02,18765.01,712.6,21.36,57909.56,Suburban,Grocery,42876.91
2023-06-03,51498.01,696.13,24.78,37070.1,Suburban,Electronics,52644.95
2023-06-04,98636.79,637.68,3.02,38190.91,Urban,Furniture,47355.01
2023-06-05,27995.25,765.08,7.2,53699.17,Rural,Clothing,29147.98
2023-06-06,68852.88,200.67,4.26,75221.05,Urban,Grocery,56930.55
2023-06-07,77353.86,886.83,10.44,9800.48,Urban,Clothing,24295.3
2023-06-08,27575.57,878.25,13.51,66855.74,Rural,Stationery,35100.77
2023-06-09,74180.55,77.78,22.46,26928.73,Urban,Electronics,62815.78
2023-06-10,39939.4,834.53,19.53,38293.96,Suburban,Furniture,37114.07
2023-06-11,65069.05,172.43,18.63,6643.5,Suburban,Stationery,38709.79
2023-06-12,65185.32,368.36,10.57,27578.46,Suburban,Stationery,36996.83
2023-06-13,55898.59,756.33,25.24,42697.34,Urban,Stationery,51134.09
2023-06-14,13577.53,202.72,14.14,9213.21,Suburban,Electronics,28778.76
2023-06-15,84353.74,827.07,29.37,41832.18,Suburban,Grocery,57626.35
2023-06-16,35474.11,840.53,19.02,74533.3,Suburban,Electronics,53888.7
2023-06-17,22719.26,532.09,3.79,12904.49,Suburban,Grocery,11710.31
2023-06-18,8873.64,56.07,20.29,62333.05,Suburban,Stationery,47748.82
2023-06-19,61134.83,322.69,9.75,35725.33,Suburban,Stationery,40492.88
2023-06-20,69368.61,636.08,20.59,54138.03,Urban,Furniture,55227.01
2023-06-21,6575.84,982.13,2.09,24517.74,Suburban,Grocery,3871.57
2023-06-22,53648.84,650.22,5.25,16961.92,Suburban,Stationery,15917.91
2023-06-23,26517.1,296.81,25.67,17034.7,Rural,Clothing,35270.79
2023-06-24,66291.42,652.31,6.82,10286.9,Urban,Furniture,25324.63
2023-06-25,21564.81,562.99,25.11,18923.5,Urban,Electronics,38579.17
2023-06-26,70639.09,790.85,8.38,54816.45,Urban,Furniture,46104.74
2023-06-27,41739.86,151.63,19.29,71126.8,Urban,Clothing,59740.69
2023-06-28,93989.35,772.98,20.82,66059.43,Suburban,Grocery,63897.09
2023-06-29,18064.49,564.2,15.38,56385.07,Suburban,Electronics,39712.38
2023-06-30,37401.3,964.84,9.16,13282.39,Rural,Electronics,15672.71
2023-07-01,15779.98,374.78,6.38,26689.06,Rural,Grocery,16808.07
2023-07-02,92845.89,650.99,1.0,28235.52,Urban,Furniture,38476.5
2023-07-03,88347.24,935.43,9.12,23746.77,Rural,Stationery,24731.21
2023-07-04,29504.45,147.38,19.59,43625.42,Rural,Furniture,44609.25
2023-07-05,67698.48,940.37,28.15,45166.54,Urban,Clothing,52279.76
2023-07-06,82636.11,703.49,26.14,31766.45,Urban,Stationery,54677.96
2023-07-07,57744.08,114.45,22.98,31534.19,Rural,Furniture,56579.04
2023-07-08,55316.8,335.92,23.65,67141.67,Suburban,Grocery,60731.22
2023-07-09,27975.97,722.76,19.95,64196.96,Rural,Clothing,44935.94
2023-07-10,13844.76,113.98,7.81,28084.69,Rural,Clothing,18334.77
2023-07-11,90235.5,603.06,27.22,73534.13,Suburban,Clothing,71446.72
2023-07-12,90539.72,378.59,20.12,76461.13,Suburban,Stationery,69355.23
2023-07-13,65144.64,639.87,16.81,29505.69,Urban,Electronics,42022.46
2023-07-14,37207.83,93.45,3.33,31581.87,Urban,Stationery,27372.01
2023-07-15,38174.91,877.96,13.41,42922.56,Rural,Furniture,30844.17
2023-07-16,73965.79,974.81,13.81,75584.06,Suburban,Electronics,55612.48
2023-07-17,90225.47,970.43,25.94,70723.96,Urban,Furniture,70996.97
2023-07-18,89273.21,762.17,16.4,12692.6,Rural,Electronics,39274.51
2023-07-19,79088.18,173.58,11.41,34454.81,Suburban,Stationery,47853.81
2023-07-20,65993.01,770.35,29.3,46502.84,Rural,Clothing,54192.34
2023-07-21,12993.3,73.36,3.32,42734.94,Urban,Grocery,30414.49
2023-07-22,20354.73,71.02,12.68,19539.73,Urban,Clothing,28938.17
2023-07-23,90362.65,357.43,1.26,69411.26,Suburban,Stationery,55736.07
2023-07-24,62610.76,514.21,22.2,55770.56,Rural,Electronics,56096.09
2023-07-25,5873.72,781.89,27.54,67843.13,Suburban,Clothing,43134.75
2023-07-26,14639.8,699.13,8.4,69407.32,Urban,Stationery,33861.08
2023-07-27,68032.67,473.61,25.75,61126.69,Urban,Furniture,66302.85
2023-07-28,5480.85,309.95,8.77,37940.8,Rural,Grocery,20801.6
2023-07-29,20276.76,997.27,27.32,50791.01,Rural,Clothing,36640.99
2023-07-30,57129.71,454.87,22.62,17027.41,Rural,Electronics,42058.03
2023-07-31,70730.04,478.82,24.15,55523.41,Suburban,Furniture,60788.41
2023-08-01,66936.32,205.44,0.54,18443.99,Rural,Stationery,23530.46
2023-08-02,26305.58,805.07,28.88,57046.22,Rural,Grocery,46567.55
2023-08-03,72657.03,709.0,21.8,22219.86,Urban,Electronics,48685.31
2023-08-04,27538.66,259.73,9.14,13816.35,Urban,Stationery,28295.21
2023-08-05,35912.97,128.26,24.88,17396.34,Rural,Stationery,40651.73
2023-08-06,75916.68,696.47,8.45,5149.41,Rural,Clothing,24426.2
2023-08-07,66715.13,671.79,26.18,58905.47,Urban,Clothing,58611.64
2023-08-08,85676.22,309.6,3.38,59930.08,Rural,Electronics,55369.83
2023-08-09,67473.22,953.32,21.11,43620.0,Suburban,Stationery,41863.87
2023-08-10,58989.32,193.5,16.22,17102.21,Suburban,Clothing,38626.48
2023-08-11,13899.1,460.72,2.9,11266.58,Suburban,Grocery,8215.79
2023-08-12,39933.0,946.44,7.26,6434.67,Rural,Grocery,7881.91
2023-08-13,30194.22,448.74,0.37,17431.11,Urban,Stationery,15764.71
2023-08-14,28179.02,656.6,14.06,71814.17,Rural,Clothing,39488.09
2023-08-15,97436.0,427.71,9.04,23115.26,Rural,Electronics,45831.86
2023-08-16,42344.28,310.5,17.95,31570.35,Urban,Electronics,45190.48
2023-08-17,89744.42,984.78,8.92,12900.91,Urban,Electronics,32944.49
2023-08-18,64958.17,438.87,9.0,21677.1,Urban,Grocery,33784.63
2023-08-19,80507.07,899.39,22.3,43941.84,Suburban,Clothing,49216.37
2023-08-20,52750.52,268.46,1.44,50581.45,Rural,Clothing,37821.68
2023-08-21,59805.87,252.45,27.09,23401.42,Urban,Grocery,49956.16
2023-08-22,51789.18,79.58,25.57,9329.91,Rural,Electronics,50584.58
2023-08-23,23548.08,669.08,20.03,34327.47,Suburban,Electronics,30940.34
2023-08-24,73632.95,400.1,17.8,22565.25,Suburban,Stationery,40528.66
2023-08-25,31673.37,871.14,26.77,21466.54,Urban,Furniture,36384.0
2023-08-26,7310.02,499.55,5.56,76989.71,Urban,Clothing,40077.37
2023-08-27,66319.87,969.78,2.37,51222.54,Rural,Clothing,27890.3
2023-08-28,21825.51,226.25,7.19,46765.88,Urban,Clothing,36148.34
2023-08-29,94343.57,875.19,23.84,36183.13,Rural,Furniture,52650.07
2023-08-30,95623.21,787.77,1.04,37170.83,Urban,Stationery,35012.71
2023-08-31,91912.12,782.38,17.48,45567.88,Rural,Furniture,54632.02
2023-09-01,40165.08,852.54,29.86,57232.24,Rural,Electronics,54417.42
2023-09-02,6468.38,772.97,25.67,57660.96,Rural,Electronics,43116.85
2023-09-03,93190.26,644.91,15.64,17877.04,Rural,Clothing,36371.86
2023-09-04,45677.49,174.68,1.91,42508.46,Suburban,Grocery,33924.04
2023-09-05,96832.21,80.9,24.94,35896.86,Rural,Clothing,64681.34
2023-09-06,96543.9,924.81,17.97,70289.52,Urban,Grocery,60167.81
2023-09-07,86035.9,635.82,3.45,52356.42,Suburban,Furniture,46467.9
2023-09-08,32972.64,806.71,2.82,44937.8,Suburban,Electronics,24138.32
2023-09-09,41584.28,507.45,27.29,13654.6,Rural,Grocery,35579.44
2023-09-10,85857.98,161.44,20.08,50422.84,Suburban,Furniture,64704.43
2023-09-11,35107.59,168.93,24.88,13790.29,Rural,Electronics,45026.91
2023-09-12,21101.81,701.29,26.37,30290.49,Urban,Grocery,33680.96
2023-09-13,57896.12,458.79,17.15,15713.15,Rural,Clothing,33177.97
2023-09-14,93934.7,240.5,15.52,56905.52,Suburban,Clothing,67044.68
2023-09-15,71122.83,517.01,12.91,20468.91,Urban,Clothing,37252.05
2023-09-16,59155.81,111.0,9.51,34389.45,Rural,Furniture,44723.87
2023-09-17,14231.77,602.87,13.04,72175.61,Urban,Clothing,39958.03
2023-09-18,63425.69,305.54,23.22,20323.73,Urban,Stationery,50662.73
2023-09-19,99055.12,807.68,18.06,43085.38,Suburban,Electronics,56179.43
2023-09-20,18307.98,344.84,26.78,36445.37,Urban,Furniture,45998.14
2023-09-21,54241.32,482.46,13.3,6359.3,Suburban,Clothing,25731.24
2023-09-22,88350.44,61.04,18.21,64456.86,Urban,Electronics,80212.08
2023-09-23,75373.02,118.82,18.94,10178.44,Rural,Grocery,40378.49
2023-09-24,71216.5,422.87,17.75,40569.13,Urban,Clothing,51082.1
2023-09-25,71735.99,505.94,21.08,47050.87,Rural,Electronics,55104.68
2023-09-26,39151.66,620.02,7.12,52131.98,Rural,Stationery,26307.13
2023-09-27,32891.23,327.08,15.37,56647.37,Urban,Grocery,52229.86
2023-09-28,81889.31,710.23,3.13,23995.43,Rural,Stationery,22967.46
2023-09-29,81960.77,867.12,11.54,5748.41,Urban,Electronics,33643.23
2023-09-30,87371.87,790.86,14.63,59258.27,Urban,Stationery,54576.29
2023-10-01,91757.85,87.64,19.57,45174.24,Rural,Electronics,64261.02
2023-10-02,53577.53,506.48,28.52,67708.83,Rural,Electronics,65549.89
2023-10-03,52644.05,149.68,18.02,66604.13,Suburban,Stationery,61296.84
2023-10-04,80838.04,279.94,22.31,68249.46,Rural,Electronics,71753.35
2023-10-05,66746.57,987.33,15.19,41382.1,Suburban,Clothing,40191.86
2023-10-06,71686.85,185.37,19.02,30022.13,Rural,Electronics,55065.74
2023-10-07,80600.3,523.94,2.13,64366.87,Urban,Furniture,54779.04
2023-10-08,89550.51,637.25,7.63,38847.06,Rural,Electronics,42255.77
2023-10-09,37109.54,717.34,10.86,18758.16,Urban,Furniture,22388.37
2023-10-10,40680.38,581.67,14.17,69123.05,Urban,Electronics,52462.66
2023-10-11,13928.28,59.28,1.37,71191.99,Urban,Electronics,46388.62
2023-10-12,59936.61,360.14,4.2,39973.23,Suburban,Stationery,36022.95
2023-10-13,8414.52,541.83,8.3,10677.48,Rural,Clothing,2213.74
2023-10-14,49231.81,133.47,29.15,34086.96,Urban,Clothing,58956.19
2023-10-15,56551.24,383.1,9.94,65265.32,Urban,Grocery,52694.2
2023-10-16,32221.42,81.54,14.46,72633.05,Suburban,Stationery,53657.3
2023-10-17,61129.16,124.65,5.88,20260.46,Rural,Stationery,33108.04
2023-10-18,7897.52,427.08,18.32,10023.02,Rural,Clothing,18859.98
2023-10-19,8548.08,176.08,8.42,70801.28,Suburban,Stationery,43393.04
2023-10-20,83147.05,589.16,6.21,34205.37,Suburban,Clothing,37781.15
2023-10-21,39218.11,704.99,15.5,45632.07,Rural,Stationery,34475.41
2023-10-22,17070.75,810.56,0.17,77604.94,Suburban,Electronics,36515.97
2023-10-23,54613.11,240.14,0.23,9992.35,Rural,Clothing,22140.67
2023-10-24,78149.39,209.11,6.57,53623.85,Rural,Clothing,46994.01
2023-10-25,25503.0,149.34,1.1,10557.91,Urban,Furniture,19687.85
2023-10-26,64174.6,654.61,3.24,33160.17,Urban,Stationery,28504.27
2023-10-27,13108.01,721.15,10.17,65286.09,Rural,Stationery,29477.34
2023-10-28,9909.76,80.01,24.08,37510.42,Rural,Clothing,42772.81
2023-10-29,55478.69,939.4,17.16,79788.68,Rural,Electronics,51624.85
2023-10-30,56360.34,99.37,15.38,46929.45,Rural,Electronics,53945.2
2023-10-31,65555.84,564.23,8.8,29087.16,Rural,Electronics,29846.28
2023-11-01,73978.68,723.61,27.95,21508.35,Rural,Stationery,45584.92
2023-11-02,97705.95,877.42,11.91,31289.04,Suburban,Furniture,41548.07
2023-11-03,54048.53,728.38,2.61,32940.0,Rural,Clothing,21715.71
2023-11-04,35680.86,811.64,18.51,10153.53,Suburban,Grocery,19604.98
2023-11-05,80542.69,372.48,3.42,32718.06,Suburban,Furniture,43360.97
2023-11-06,30729.06,824.08,10.36,39817.89,Rural,Grocery,14706.44
2023-11-07,46702.28,126.11,15.22,59205.33,Rural,Furniture,54068.37
2023-11-08,12453.36,900.08,26.23,54254.71,Suburban,Electronics,41603.43
2023-11-09,7408.32,570.21,14.81,58157.42,Suburban,Stationery,31691.08
2023-11-10,96451.6,826.43,21.07,5627.28,Rural,Grocery,39219.23
2023-11-11,84418.11,479.7,29.78,21325.05,Rural,Furniture,52553.67
2023-11-12,71117.55,661.4,3.94,54626.32,Suburban,Stationery,40229.26
2023-11-13,43850.53,550.08,8.24,41299.2,Suburban,Grocery,32617.0
2023-11-14,21462.96,745.01,11.84,5398.51,Suburban,Clothing,14084.62
2023-11-15,19861.52,127.55,12.65,65337.1,Urban,Furniture,50291.43
2023-11-16,28773.08,107.33,12.33,62960.72,Suburban,Clothing,47216.1
2023-11-17,57176.53,284.75,27.23,46131.44,Urban,Electronics,68144.81
2023-11-18,72886.61,201.57,21.42,9984.75,Rural,Clothing,43743.89
2023-11-19,67718.75,878.19,18.24,62488.63,Rural,Clothing,44540.71
2023-11-20,31593.72,258.25,9.28,48778.52,Suburban,Furniture,39224.46
2023-11-21,95712.2,977.07,24.71,63647.0,Rural,Electronics,64913.35
2023-11-22,75100.21,370.05,28.65,61381.02,Rural,Clothing,70094.1
2023-11-23,57663.63,223.01,24.64,65225.16,Rural,Stationery,60272.13
2023-11-24,63113.47,800.21,0.05,43850.6,Rural,Grocery,16942.1
2023-11-25,44862.01,675.77,19.09,15524.34,Urban,Clothing,32952.28
2023-11-26,28534.44,523.29,1.53,55336.81,Urban,Electronics,32061.58
2023-11-27,38817.4,577.6,7.73,51535.53,Suburban,Clothing,29644.15
2023-11-28,76995.38,733.24,1.79,60668.99,Suburban,Grocery,33282.05
2023-11-29,6367.38,267.03,18.11,17741.08,Suburban,Electronics,31356.03
2023-11-30,16026.9,996.52,20.6,19623.14,Rural,Furniture,18123.43
2023-12-01,9370.25,976.05,3.43,71780.71,Rural,Electronics,24554.03
2023-12-02,8869.24,667.81,11.52,61248.33,Urban,Furniture,39951.67
2023-12-03,86268.76,239.57,13.69,73117.14,Urban,Electronics,75782.0
2023-12-04,71847.5,696.22,11.07,61903.65,Suburban,Grocery,52035.12
2023-12-05,50046.51,118.59,3.63,49786.65,Urban,Grocery,39892.46
2023-12-06,14294.25,79.12,12.57,54059.96,Urban,Electronics,47881.54
2023-12-07,51703.51,294.8,22.54,71684.59,Urban,Clothing,62895.33
2023-12-08,49979.82,489.49,2.13,48410.51,Urban,Grocery,34252.99
2023-12-09,21454.18,874.86,2.41,52429.35,Urban,Furniture,24206.98
2023-12-10,46215.91,740.81,10.64,16735.75,Suburban,Furniture,25245.42
2023-12-11,42857.95,755.57,28.25,40544.09,Suburban,Stationery,43554.89
2023-12-12,63505.76,454.22,20.06,58729.78,Urban,Furniture,63381.68
2023-12-13,65333.9,378.64,20.36,25320.7,Suburban,Stationery,45177.27
2023-12-14,9303.88,402.49,10.86,20169.06,Rural,Electronics,25449.59
2023-12-15,40588.2,988.27,17.81,28537.01,Urban,Electronics,31911.64
2023-12-16,64456.69,88.1,0.3,23112.55,Rural,Electronics,31071.79
2023-12-17,52797.94,873.68,19.08,21118.45,Suburban,Clothing,30760.14
2023-12-18,86366.53,599.74,27.4,36863.81,Suburban,Clothing,56154.41
2023-12-19,67575.9,466.68,18.38,73087.89,Rural,Stationery,62045.83
2023-12-20,20478.77,738.99,26.21,43029.47,Suburban,Furniture,40075.07
2023-12-21,11704.03,512.34,21.72,19094.03,Urban,Furniture,29622.56
2023-12-22,66029.83,879.75,3.62,10772.88,Rural,Electronics,16076.17
2023-12-23,7518.57,905.67,27.07,57211.71,Urban,Grocery,42137.6
2023-12-24,60648.68,450.63,1.99,33709.91,Rural,Clothing,27825.59
2023-12-25,94321.87,312.99,16.02,66637.32,Suburban,Clothing,66776.81
2023-12-26,59670.05,612.73,4.26,54463.31,Rural,Electronics,43337.44
2023-12-27,41876.14,916.75,0.35,64718.11,Rural,Clothing,24062.5
2023-12-28,66112.38,250.13,12.66,25395.95,Urban,Electronics,47525.34
2023-12-29,48534.02,641.82,8.85,56926.92,Suburban,Stationery,39099.34
2023-12-30,56833.59,649.98,14.58,24804.65,Urban,Furniture,33446.38
2023-12-31,94439.16,746.46,17.32,75430.14,Suburban,Grocery,65609.99
2024-01-01,41679.75,174.99,1.31,52728.07,Urban,Furniture,39642.03
2024-01-02,96313.1,730.03,3.69,29338.39,Rural,Furniture,36842.71
2024-01-03,91008.31,913.58,16.76,25213.39,Urban,Stationery,37966.88
2024-01-04,23600.16,220.7,10.3,19319.49,Suburban,Clothing,27236.55
2024-01-05,11589.32,275.67,21.88,57098.07,Suburban,Grocery,48626.72
2024-01-06,14573.91,972.83,19.57,21403.67,Rural,Clothing,17847.39
2024-01-07,6731.07,221.93,25.37,49647.74,Suburban,Furniture,48934.8
2024-01-08,13972.08,861.67,20.77,24847.63,Urban,Electronics,27914.37
2024-01-09,69885.64,517.66,12.9,54647.67,Rural,Furniture,48226.07
2024-01-10,11762.92,284.87,20.19,66120.48,Suburban,Clothing,52775.65
2024-01-11,35302.68,877.21,8.26,63351.89,Suburban,Furniture,33975.03
2024-01-12,85263.15,473.04,9.19,62063.85,Urban,Electronics,58644.61
2024-01-13,7210.83,539.08,23.67,19079.18,Urban,Stationery,28611.77
2024-01-14,82374.51,391.27,13.39,11628.87,Rural,Clothing,33797.29
2024-01-15,31776.2,613.3,23.95,57421.16,Suburban,Furniture,47957.16
2024-01-16,16225.66,205.35,24.67,32626.04,Urban,Clothing,40410.31
2024-01-17,71190.03,421.53,25.73,37425.97,Rural,Stationery,50227.8
2024-01-18,64749.57,970.94,27.5,7336.18,Suburban,Furniture,34902.37
2024-01-19,88359.84,295.23,12.93,24468.23,Suburban,Furniture,49301.5
2024-01-20,74831.75,673.9,9.57,7525.73,Rural,Clothing,25996.26
2024-01-21,81330.69,358.93,17.47,70938.93,Rural,Clothing,65772.95
2024-01-22,31793.28,784.8,11.14,23254.75,Urban,Electronics,25534.53
2024-01-23,21856.76,174.33,18.03,46800.29,Suburban,Stationery,41468.09
2024-01-24,76308.4,971.33,21.17,7923.45,Suburban,Electronics,35980.15
2024-01-25,81649.3,481.1,20.65,55013.55,Suburban,Furniture,66041.62
2024-01-26,99097.99,274.25,11.24,29227.05,Rural,Clothing,48456.08
2024-01-27,44198.68,119.82,5.01,72343.94,Urban,Furniture,54189.0
2024-01-28,40341.72,211.27,12.92,71608.86,Suburban,Furniture,54068.38
2024-01-29,78759.23,543.79,4.28,29396.8,Rural,Grocery,27136.01
2024-01-30,37376.34,370.15,26.7,72572.07,Suburban,Grocery,63643.62
2024-01-31,93421.95,837.44,10.38,79711.83,Urban,Furniture,65331.14
2024-02-01,86549.21,459.34,4.63,66906.17,Suburban,Clothing,55445.16
2024-02-02,45754.43,286.28,0.76,68365.35,Urban,Furniture,47196.0
2024-02-03,76332.75,636.29,19.37,23675.66,Urban,Grocery,47345.56
2024-02-04,76681.57,721.44,19.11,48252.68,Suburban,Clothing,49784.25
2024-02-05,14796.77,208.69,10.22,10044.19,Suburban,Furniture,23680.41
2024-02-06,90742.53,209.24,2.15,12118.85,Urban,Stationery,34962.15
2024-02-07,52998.98,84.84,12.29,79916.95,Rural,Stationery,57303.34
2024-02-08,83513.46,749.58,9.34,29497.94,Urban,Furniture,42200.79
2024-02-09,35404.71,680.61,20.31,61113.79,Suburban,Clothing,47617.72
2024-02-10,90074.71,500.9,18.17,65499.88,Suburban,Furniture,68051.6
2024-02-11,41974.16,851.96,10.94,69351.75,Rural,Furniture,40547.42
2024-02-12,6029.58,815.39,6.54,79822.12,Urban,Grocery,33500.82
2024-02-13,91011.29,606.09,29.64,23112.24,Urban,Stationery,61945.61
2024-02-14,13672.23,874.86,13.62,8026.31,Urban,Grocery,13489.44
2024-02-15,35334.8,245.55,20.65,35839.36,Suburban,Grocery,44885.94
2024-02-16,95255.89,156.32,4.22,14756.05,Urban,Furniture,44421.93
2024-02-17,95307.68,306.26,14.57,6681.94,Rural,Grocery,41382.28
2024-02-18,59476.6,104.23,0.83,32032.01,Suburban,Stationery,34231.24
2024-02-19,65024.54,554.61,15.16,63780.37,Suburban,Grocery,52963.16
2024-02-20,47602.32,939.78,28.92,47463.55,Urban,Stationery,46670.39
2024-02-21,32855.02,87.38,11.53,28458.35,Rural,Grocery,31677.28
2024-02-22,36223.13,166.0,1.17,54075.65,Suburban,Stationery,26934.69
2024-02-23,68889.25,479.59,0.93,22401.36,Suburban,Grocery,26381.94
2024-02-24,76475.58,937.18,11.64,6078.61,Urban,Grocery,23269.75
2024-02-25,80200.01,350.35,4.8,62326.5,Urban,Clothing,58888.51
2024-02-26,80013.72,531.87,0.7,51780.73,Rural,Stationery,36721.45
2024-02-27,13664.58,89.49,22.69,62172.7,Urban,Stationery,51141.89
2024-02-28,51969.93,190.93,13.76,7920.35,Rural,Stationery,27512.69
2024-02-29,10468.08,987.3,8.68,67783.97,Suburban,Electronics,27891.63
2024-03-01,57205.24,966.86,27.0,51464.47,Rural,Grocery,46862.58
2024-03-02,46945.4,54.69,3.48,47254.65,Rural,Stationery,37192.61
2024-03-03,89331.9,954.22,28.68,51846.05,Rural,Electronics,63384.91
2024-03-04,38336.93,657.16,9.42,69832.49,Suburban,Clothing,40264.9
2024-03-05,16121.37,874.52,26.65,49020.24,Urban,Stationery,38598.64
2024-03-06,18584.21,482.0,18.09,48571.28,Suburban,Stationery,32891.46
2024-03-07,77343.51,539.82,24.8,79300.94,Urban,Electronics,80079.55
2024-03-08,63730.72,514.4,29.52,61754.76,Rural,Grocery,63411.58
2024-03-09,14606.65,683.52,8.65,38172.04,Rural,Clothing,19910.77
2024-03-10,12990.15,182.67,28.83,58054.78,Rural,Stationery,50741.74
2024-03-11,71592.07,78.47,11.68,34192.29,Rural,Grocery,46459.01
2024-03-12,11912.49,342.53,11.57,22165.66,Rural,Clothing,23824.88
2024-03-13,83076.71,719.45,10.21,49763.89,Urban,Furniture,49677.98
2024-03-14,72093.01,241.76,16.24,74613.66,Urban,Furniture,71822.71
2024-03-15,12728.13,689.76,4.62,74685.46,Rural,Clothing,27227.77
2024-03-16,13059.58,971.42,16.61,30642.9,Suburban,Electronics,20488.99
2024-03-17,98730.76,139.21,16.25,44575.81,Suburban,Clothing,63917.71
2024-03-18,40555.73,688.97,22.86,20872.69,Rural,Clothing,33411.51
2024-03-19,40211.0,471.56,25.01,79672.33,Urban,Electronics,68851.18
2024-03-20,82215.96,874.74,13.21,78583.84,Suburban,Electronics,60419.07
2024-03-21,94988.61,218.29,9.07,53713.17,Suburban,Grocery,56919.41
2024-03-22,98670.1,707.99,7.78,65331.05,Suburban,Grocery,52598.96
2024-03-23,76570.93,846.21,5.84,58632.51,Rural,Electronics,43535.16
2024-03-24,40744.66,947.38,1.73,49486.87,Suburban,Furniture,20867.51
2024-03-25,12932.57,699.09,10.27,9001.1,Suburban,Furniture,14749.81
2024-03-26,78828.96,522.32,8.11,39107.33,Suburban,Clothing,40325.37
2024-03-27,58048.4,636.95,28.99,55608.97,Suburban,Stationery,58590.48
2024-03-28,45301.09,875.46,16.73,55814.87,Urban,Clothing,39913.77
2024-03-29,91103.67,592.08,10.42,32984.2,Rural,Clothing,42734.05
2024-03-30,15563.76,78.87,17.41,75626.9,Rural,Stationery,52679.85
2024-03-31,51799.38,934.4,4.18,17551.78,Urban,Electronics,21569.88
2024-04-01,6078.6,705.05,13.32,42526.96,Urban,Furniture,26208.36
2024-04-02,49522.76,692.69,18.79,56816.3,Rural,Clothing,45356.17
2024-04-03,10348.81,254.89,14.67,57285.19,Suburban,Stationery,35881.29
2024-04-04,16287.7,675.94,12.05,53647.92,Suburban,Grocery,29536.35
2024-04-05,16164.99,424.17,29.82,25646.62,Rural,Clothing,39083.25
2024-04-06,66674.98,668.67,26.41,16715.49,Suburban,Furniture,46093.7
2024-04-07,75874.26,151.26,18.7,52695.52,Urban,Electronics,68587.19
2024-04-08,60420.03,674.95,17.08,49947.66,Suburban,Clothing,43827.51
2024-04-09,96406.39,999.44,18.62,18451.7,Suburban,Clothing,40194.55
2024-04-10,40612.71,95.8,6.04,57885.44,Suburban,Stationery,43141.5
2024-04-11,32142.65,978.32,11.85,39137.9,Rural,Grocery,14599.81
2024-04-12,87516.92,436.56,1.18,55082.04,Urban,Grocery,50240.69
2024-04-13,26241.6,877.22,14.27,67802.53,Suburban,Electronics,41603.67
2024-04-14,96506.14,793.27,16.29,17729.63,Rural,Furniture,42541.93
2024-04-15,6154.68,588.67,6.83,6435.87,Suburban,Electronics,6397.64
2024-04-16,97138.49,751.53,28.92,63432.69,Urban,Clothing,65453.21
2024-04-17,9100.19,884.59,27.28,50727.31,Suburban,Clothing,37816.61
2024-04-18,89658.6,433.93,21.66,57472.97,Urban,Grocery,68072.22
2024-04-19,55131.61,360.68,16.0,67861.62,Suburban,Furniture,54819.81
2024-04-20,99331.66,684.21,26.1,65210.82,Urban,Stationery,69124.38
2024-04-21,12010.67,817.45,3.92,77069.01,Suburban,Furniture,39237.92
2024-04-22,57616.16,774.17,23.72,45195.13,Urban,Clothing,49077.39
2024-04-23,97083.74,807.92,3.74,41637.17,Suburban,Stationery,39134.9
2024-04-24,54694.3,463.8,23.83,35141.54,Suburban,Furniture,48354.3
2024-04-25,64792.87,826.94,8.27,16526.83,Rural,Furniture,17502.09
2024-04-26,71096.13,164.2,26.31,47945.54,Rural,Stationery,60526.3
2024-04-27,48181.4,567.26,28.32,25775.94,Urban,Clothing,46014.0
2024-04-28,64618.02,55.47,4.46,74098.06,Suburban,Furniture,59007.08
2024-04-29,60509.86,358.36,13.88,48739.31,Urban,Stationery,48974.19
2024-04-30,90610.01,398.14,29.43,49463.01,Rural,Clothing,68154.92
2024-05-01,9317.41,426.36,14.5,31619.35,Urban,Stationery,26664.23
2024-05-02,31691.5,710.69,25.91,8899.2,Urban,Stationery,25182.35
2024-05-03,95289.09,419.13,17.66,7380.78,Rural,Furniture,43962.99
2024-05-04,89575.06,476.26,11.26,36750.14,Suburban,Clothing,42640.97
2024-05-05,48287.39,275.67,8.57,11342.4,Urban,Furniture,25980.82
2024-05-06,63912.6,404.59,6.1,50513.52,Rural,Electronics,45861.54
2024-05-07,31351.21,265.91,22.85,71072.98,Suburban,Electronics,64032.66
2024-05-08,22871.51,119.54,11.6,71218.61,Rural,Clothing,47380.63
2024-05-09,49051.35,623.28,15.34,54428.41,Urban,Stationery,41425.65
2024-05-10,38568.46,684.8,14.77,20842.39,Suburban,Furniture,26011.3
2024-05-11,60447.33,638.52,17.32,69724.76,Suburban,Furniture,56781.42
2024-05-12,12384.79,490.32,25.97,71457.01,Rural,Clothing,46238.69
2024-05-13,97567.51,410.8,29.42,19749.02,Rural,Clothing,54878.52
2024-05-14,98690.02,870.17,12.23,60306.96,Rural,Electronics,56325.39
2024-05-15,71325.36,543.13,24.83,26488.97,Suburban,Grocery,50993.89
2024-05-16,55929.15,505.22,22.94,65198.02,Suburban,Clothing,58399.78
2024-05-17,34405.12,74.36,17.21,79792.84,Urban,Grocery,65827.67
2024-05-18,82310.53,374.19,28.68,7251.95,Suburban,Clothing,44950.2
2024-05-19,70049.46,411.19,6.01,72302.44,Urban,Stationery,55836.58
2024-05-20,20448.61,428.88,3.28,51697.29,Rural,Stationery,21996.76
2024-05-21,91538.08,601.16,25.62,78003.7,Rural,Electronics,77116.7
2024-05-22,83141.04,556.92,13.17,39875.71,Suburban,Electronics,50077.85
2024-05-23,95230.99,627.51,25.41,68554.09,Rural,Grocery,71561.75
2024-05-24,73943.35,776.64,26.79,9679.56,Rural,Clothing,34875.44
2024-05-25,63274.44,822.34,1.87,30145.93,Suburban,Furniture,26734.53
2024-05-26,44733.09,732.22,26.5,10026.24,Urban,Electronics,37382.56
2024-05-27,93609.21,957.75,13.45,78150.74,Suburban,Furniture,60831.13
2024-05-28,87276.07,67.32,15.31,66273.04,Urban,Furniture,74114.08
2024-05-29,9295.77,235.99,18.8,68941.06,Suburban,Clothing,47176.06
2024-05-30,7504.86,57.18,27.79,75347.39,Suburban,Grocery,61304.28
2024-05-31,40764.02,665.1,0.57,11382.76,Rural,Clothing,8050.76
2024-06-01,82002.57,903.13,14.31,33919.82,Suburban,Electronics,43217.3
2024-06-02,98791.23,281.31,20.63,10327.62,Suburban,Furniture,52682.33
2024-06-03,19289.6,930.68,21.68,20809.48,Urban,Clothing,26311.82
2024-06-04,61442.42,107.25,20.78,22202.43,Rural,Clothing,48070.17
2024-06-05,41184.63,937.71,4.03,40183.04,Urban,Clothing,20828.73
2024-06-06,97141.87,384.04,8.98,25142.16,Urban,Electronics,52651.64
2024-06-07,85001.3,146.35,10.76,12573.36,Rural,Grocery,35127.03
2024-06-08,84641.23,511.58,24.13,17561.83,Rural,Clothing,47347.21
2024-06-09,49525.85,293.94,8.36,16045.67,Rural,Electronics,30970.85
2024-06-10,44407.85,320.63,6.32,77980.76,Suburban,Furniture,48008.48
2024-06-11,30973.67,341.93,28.72,61946.94,Rural,Stationery,54680.05
2024-06-12,10355.67,812.87,0.27,77582.11,Rural,Electronics,26910.67
2024-06-13,87148.63,562.2,29.93,37980.54,Rural,Stationery,55277.43
2024-06-14,82225.6,345.74,20.3,25877.64,Urban,Clothing,56800.59
2024-06-15,99973.18,629.82,24.85,64871.99,Urban,Clothing,71890.27
2024-06-16,99680.5,730.34,8.84,29469.04,Suburban,Electronics,42139.47
2024-06-17,57766.01,308.99,0.43,27453.75,Urban,Stationery,29197.98
2024-06-18,78053.8,442.87,22.14,22437.95,Suburban,Clothing,49840.32
2024-06-19,94752.74,165.79,25.02,14725.92,Urban,Furniture,61144.31
2024-06-20,85716.5,222.09,22.21,24234.73,Rural,Grocery,54476.01
2024-06-21,28498.07,697.06,4.29,31648.98,Urban,Grocery,21198.89
2024-06-22,47801.69,222.37,22.6,55549.57,Suburban,Clothing,52477.1
2024-06-23,17270.14,548.91,23.07,9692.36,Urban,Stationery,23811.88
2024-06-24,95634.85,723.59,19.76,20788.02,Rural,Clothing,41375.5
2024-06-25,62586.59,151.53,22.98,65676.77,Suburban,Stationery,67112.35
2024-06-26,26721.07,588.95,25.38,16019.14,Rural,Furniture,24119.8
2024-06-27,68811.57,293.73,18.41,30698.39,Rural,Stationery,50394.45
2024-06-28,63722.18,964.78,2.66,69849.42,Suburban,Clothing,39401.49
2024-06-29,39025.46,509.37,14.63,16619.4,Rural,Furniture,27046.31
2024-06-30,15787.97,815.69,2.33,11205.26,Rural,Electronics,6378.84
2024-07-01,68799.45,572.72,12.23,41340.35,Urban,Grocery,50072.47
2024-07-02,54429.23,91.24,12.21,27681.46,Rural,Clothing,41279.44
2024-07-03,78370.25,651.49,1.98,47255.63,Rural,Clothing,37619.25
2024-07-04,54415.53,953.83,10.46,65285.37,Rural,Clothing,38204.99
2024-07-05,85957.24,621.53,3.33,15286.14,Rural,Furniture,27277.35
2024-07-06,57431.15,828.23,24.25,48552.43,Suburban,Electronics,50487.61
2024-07-07,58289.11,890.0,28.43,42913.16,Urban,Stationery,46924.7
2024-07-08,88282.09,266.68,2.17,15805.91,Rural,Electronics,33684.19
2024-07-09,43330.87,251.44,28.65,51799.89,Rural,Furniture,55838.79
2024-07-10,17731.45,630.43,15.68,25523.03,Suburban,Clothing,23475.06
2024-07-11,7734.35,440.48,8.99,41587.57,Rural,Grocery,17633.59
2024-07-12,76738.04,847.87,2.31,11170.42,Suburban,Clothing,19357.36
2024-07-13,63929.41,905.02,15.02,39468.8,Urban,Stationery,37362.94
2024-07-14,71887.58,385.75,23.84,27984.76,Urban,Grocery,53069.96
2024-07-15,25231.6,275.03,21.21,66678.59,Rural,Clothing,50342.49
2024-07-16,17955.29,791.5,1.51,9273.4,Rural,Grocery,6150.96
2024-07-17,6381.74,311.07,2.19,36395.55,Rural,Electronics,23735.55
2024-07-18,38305.82,831.48,12.09,39382.36,Suburban,Furniture,27464.72
2024-07-19,61042.18,452.55,8.86,59375.46,Rural,Clothing,45496.77
2024-07-20,42263.18,684.17,6.97,48071.57,Rural,Stationery,25613.17
2024-07-21,46560.12,140.76,8.43,55040.93,Urban,Electronics,50249.64
2024-07-22,90895.08,642.67,24.1,63278.7,Rural,Clothing,61094.44
2024-07-23,38084.27,479.18,27.88,69665.22,Urban,Electronics,68076.29
2024-07-24,53829.0,607.28,12.15,28540.66,Rural,Stationery,26252.21
2024-07-25,79447.04,209.61,27.18,45351.7,Urban,Clothing,71542.47
2024-07-26,42671.56,750.03,9.64,68008.11,Rural,Stationery,39189.36
2024-07-27,64098.24,869.66,14.29,79208.83,Urban,Grocery,58642.62
2024-07-28,86924.55,255.9,6.78,71713.95,Suburban,Stationery,57484.57
2024-07-29,95204.46,140.93,19.21,32860.04,Urban,Grocery,62938.64
2024-07-30,18971.98,72.46,29.37,19637.49,Urban,Clothing,47301.26
2024-07-31,93025.82,659.87,18.1,41704.44,Urban,Grocery,53384.99
2024-08-01,51751.05,626.74,10.73,60623.11,Rural,Clothing,39361.75
2024-08-02,29533.22,569.36,19.43,41942.68,Rural,Clothing,39676.05
2024-08-03,48617.9,270.35,3.69,41238.56,Rural,Furniture,35272.15
2024-08-04,98103.09,421.36,26.66,67867.28,Suburban,Clothing,78639.56
2024-08-05,51798.72,614.75,15.09,32105.28,Suburban,Grocery,32693.67
2024-08-06,36231.4,521.93,13.48,69484.6,Urban,Furniture,48843.37
2024-08-07,65173.08,988.4,17.58,35510.36,Suburban,Furniture,36890.99
2024-08-08,27813.83,179.62,18.74,29617.48,Urban,Clothing,41113.0
2024-08-09,12207.02,710.39,2.15,39049.24,Urban,Stationery,12698.58
2024-08-10,17243.57,434.1,20.48,62183.52,Urban,Stationery,47014.87
2024-08-11,17164.35,456.79,7.26,14450.15,Suburban,Furniture,12602.6
2024-08-12,19430.76,731.72,21.42,19731.44,Rural,Clothing,19463.74
2024-08-13,18188.58,707.81,24.68,76358.36,Suburban,Stationery,51078.01
2024-08-14,65883.1,991.69,24.12,18161.87,Urban,Clothing,38736.31
2024-08-15,22278.61,171.97,16.58,47579.55,Urban,Clothing,44739.27
2024-08-16,37838.39,148.9,15.61,48448.58,Suburban,Furniture,46987.04
2024-08-17,90194.9,738.12,4.29,41721.83,Urban,Furniture,41069.57
2024-08-18,50026.36,599.47,23.26,53355.89,Urban,Electronics,56464.22
2024-08-19,68417.99,310.45,8.14,22237.0,Suburban,Stationery,35438.77
2024-08-20,21370.39,125.45,14.9,46449.67,Suburban,Stationery,42220.08
2024-08-21,23267.46,131.38,8.53,32912.99,Suburban,Stationery,27982.68
2024-08-22,8882.52,899.48,4.01,54625.04,Urban,Grocery,17263.75
2024-08-23,21048.83,232.27,18.89,15591.77,Urban,Clothing,33487.46
2024-08-24,31466.08,357.2,1.63,47815.81,Rural,Furniture,27290.21
2024-08-25,21816.0,265.32,22.46,18895.28,Rural,Stationery,28564.11
2024-08-26,13426.74,387.25,9.53,25898.23,Suburban,Electronics,28579.93
2024-08-27,16460.41,115.95,0.0,21403.24,Rural,Stationery,15078.96
2024-08-28,48773.98,543.11,15.33,18712.83,Urban,Clothing,33665.56
2024-08-29,24601.7,114.23,1.41,66928.32,Rural,Clothing,34460.93
2024-08-30,39605.64,810.34,8.29,26428.07,Urban,Furniture,25678.24
2024-08-31,52824.64,272.03,21.21,74534.28,Suburban,Grocery,66883.9
2024-09-01,70587.51,563.01,1.88,77744.49,Suburban,Furniture,50941.92
2024-09-02,8734.65,886.08,25.18,47844.54,Urban,Stationery,37871.75
2024-09-03,80943.99,668.33,0.11,15725.08,Rural,Electronics,27564.27
2024-09-04,64650.54,556.31,7.4,33091.12,Suburban,Furniture,40436.17
2024-09-05,12767.11,358.12,22.23,64829.92,Suburban,Grocery,49015.81
2024-09-06,87989.97,366.35,9.49,32554.3,Rural,Furniture,46750.68
2024-09-07,92482.88,686.01,3.06,11526.29,Rural,Clothing,28024.54
2024-09-08,10802.41,994.43,10.81,46758.87,Urban,Stationery,21570.65
2024-09-09,31303.38,678.75,8.11,68384.06,Rural,Stationery,32409.17
2024-09-10,81589.12,579.89,25.28,64694.48,Rural,Stationery,61445.26
2024-09-11,76084.67,744.12,9.4,18134.24,Rural,Stationery,25612.32
2024-09-12,22529.5,491.95,23.67,55457.35,Urban,Stationery,44138.34
2024-09-13,24888.19,107.14,26.76,21537.82,Urban,Stationery,42973.91
2024-09-14,40194.85,584.18,13.01,21365.57,Suburban,Electronics,33012.73
2024-09-15,51029.68,959.74,27.3,70555.38,Urban,Grocery,51873.12
2024-09-16,63734.2,216.54,11.32,23725.17,Suburban,Stationery,41370.63
2024-09-17,40046.8,705.5,28.92,24743.55,Rural,Grocery,38794.33
2024-09-18,48940.8,240.89,2.68,5049.0,Suburban,Stationery,16616.57
2024-09-19,76009.74,559.04,20.61,70300.18,Suburban,Furniture,67623.06
2024-09-20,8484.9,141.84,14.81,64444.61,Rural,Stationery,40985.76
2024-09-21,28981.51,477.85,11.63,52049.67,Suburban,Clothing,40334.86
2024-09-22,72768.21,768.36,18.98,61269.93,Urban,Electronics,62867.7
2024-09-23,90044.65,380.19,21.12,16403.64,Urban,Furniture,50210.43
2024-09-24,53609.36,681.67,0.13,39374.27,Urban,Furniture,31356.41
2024-09-25,55550.78,805.68,5.01,31341.45,Urban,Clothing,26459.82
2024-09-26,15181.34,930.82,21.39,12033.24,Suburban,Stationery,14938.56
2024-09-27,47504.17,272.91,19.99,41459.79,Suburban,Electronics,50472.97
2024-09-28,55598.64,429.35,28.98,74055.47,Rural,Furniture,73445.96
2024-09-29,28034.7,194.8,22.83,8004.43,Suburban,Electronics,39210.83
2024-09-30,30578.11,992.86,28.52,26859.57,Suburban,Furniture,32363.98
2024-10-01,40842.0,930.65,21.08,20565.57,Suburban,Stationery,21903.07
2024-10-02,6906.76,562.96,8.94,22861.0,Rural,Furniture,13537.05
2024-10-03,35597.52,849.93,3.16,73132.59,Urban,Furniture,39656.51
2024-10-04,25087.56,544.91,23.45,40105.18,Suburban,Grocery,39593.33
2024-10-05,36112.25,642.41,19.32,39972.46,Rural,Stationery,36391.32
2024-10-06,16377.4,134.67,1.45,62043.17,Rural,Clothing,34927.04
2024-10-07,89600.09,767.51,10.8,16586.92,Rural,Clothing,33343.27
2024-10-08,61391.28,171.33,28.7,41544.9,Urban,Stationery,63266.61
2024-10-09,69514.72,834.76,15.01,37248.89,Suburban,Clothing,35368.23
2024-10-10,79971.27,792.93,12.98,49768.3,Rural,Stationery,41065.66
2024-10-11,52352.01,723.31,13.73,79966.83,Urban,Clothing,58045.78
2024-10-12,13257.43,84.35,6.27,62708.67,Rural,Grocery,36232.11
2024-10-13,56025.12,337.97,11.06,34839.93,Rural,Clothing,38395.07
2024-10-14,60749.91,299.96,11.09,67066.48,Rural,Furniture,53908.25
2024-10-15,75816.75,392.13,1.57,17803.13,Rural,Stationery,21907.63
2024-10-16,46007.66,133.26,23.03,7284.78,Rural,Electronics,39810.21
2024-10-17,17120.13,940.11,12.5,20333.63,Urban,Electronics,19809.4
2024-10-18,31958.71,576.11,24.67,30530.87,Suburban,Stationery,34731.7
2024-10-19,39492.82,340.25,25.51,43293.56,Suburban,Grocery,49211.01
2024-10-20,66362.14,427.13,6.36,51134.69,Suburban,Clothing,41426.97
2024-10-21,59223.94,474.84,19.72,73295.43,Suburban,Grocery,63379.78
2024-10-22,38829.19,620.56,14.17,43239.05,Urban,Electronics,41170.85
2024-10-23,98718.95,539.9,26.4,42595.67,Urban,Stationery,68385.18
2024-10-24,62548.61,923.42,6.47,8768.23,Urban,Stationery,20396.08
2024-10-25,27536.55,522.12,20.33,7618.37,Rural,Grocery,21089.67
2024-10-26,14669.33,992.55,18.23,46337.0,Rural,Grocery,21177.43
2024-10-27,19521.62,858.85,8.86,37863.4,Rural,Clothing,11725.64
2024-10-28,28365.98,248.08,4.1,67938.53,Suburban,Furniture,39816.12
2024-10-29,20264.73,934.07,19.55,17050.97,Rural,Furniture,14705.18
2024-10-30,22723.87,160.55,22.16,6872.87,Suburban,Clothing,34641.56
2024-10-31,32084.04,826.58,9.47,38677.91,Rural,Furniture,24188.87
2024-11-01,21470.49,411.59,19.34,22810.89,Suburban,Electronics,35096.7
2024-11-02,90192.72,884.08,11.85,8721.08,Rural,Furniture,23024.82
2024-11-03,12622.21,874.65,21.4,59344.87,Rural,Clothing,31410.45
2024-11-04,54828.58,815.63,5.98,13369.47,Urban,Furniture,24086.54
2024-11-05,43987.7,800.53,26.71,50623.96,Rural,Stationery,44089.51
2024-11-06,98325.97,339.45,8.62,26078.73,Rural,Grocery,41833.23
2024-11-07,15643.7,126.87,11.03,18012.2,Urban,Electronics,32449.31
2024-11-08,42796.28,432.83,1.74,33481.36,Suburban,Stationery,27822.68
2024-11-09,97099.69,214.85,3.35,65108.43,Urban,Stationery,59461.05
2024-11-10,87223.18,710.2,15.48,34407.02,Urban,Clothing,47921.26
2024-11-11,82621.85,378.79,8.03,61307.72,Suburban,Grocery,54372.13
2024-11-12,29500.77,976.83,25.06,14411.47,Rural,Grocery,26511.37
2024-11-13,21234.32,658.92,0.44,62957.86,Suburban,Electronics,25152.96
2024-11-14,68521.11,831.36,11.37,22770.0,Rural,Clothing,28657.39
2024-11-15,93290.72,175.9,10.12,55804.48,Rural,Electronics,61708.08
2024-11-16,57892.47,868.91,0.58,47433.62,Suburban,Furniture,30401.56
2024-11-17,59303.21,926.62,3.73,74685.85,Urban,Stationery,39320.86
2024-11-18,31598.01,512.71,12.41,34049.19,Suburban,Electronics,33845.41
2024-11-19,78101.83,625.94,14.79,9962.39,Rural,Stationery,30635.82
2024-11-20,22769.16,776.57,12.13,6436.66,Suburban,Clothing,19193.28
2024-11-21,35749.53,216.1,15.93,67014.39,Suburban,Furniture,57826.7
2024-11-22,45416.46,527.44,17.85,44355.17,Rural,Clothing,38404.2
2024-11-23,53222.99,428.73,0.3,63143.3,Urban,Furniture,43401.08
2024-11-24,28028.92,189.06,13.92,22581.92,Suburban,Furniture,32627.89
2024-11-25,15909.5,399.16,28.9,30881.28,Rural,Stationery,31815.81
2024-11-26,63008.9,114.76,15.57,7257.79,Rural,Clothing,34534.36
2024-11-27,32419.9,74.52,20.33,77111.92,Suburban,Clothing,65235.79
2024-11-28,60217.63,178.41,9.36,55090.09,Urban,Electronics,53557.81
2024-11-29,19664.46,964.96,23.22,74990.38,Suburban,Clothing,47990.94
2024-11-30,50708.31,572.05,23.19,24912.23,Urban,Electronics,47295.5
2024-12-01,55596.0,967.53,15.64,50859.77,Urban,Grocery,38470.86
2024-12-02,9923.24,460.87,29.28,55887.5,Urban,Grocery,49989.77
2024-12-03,36977.41,346.23,3.77,28816.23,Urban,Grocery,30924.66
2024-12-04,17769.39,530.83,0.51,68608.19,Suburban,Clothing,32503.3
2024-12-05,11020.62,467.54,23.1,76037.11,Rural,Clothing,49762.6
2024-12-06,99046.22,150.38,24.21,71364.13,Rural,Electronics,81983.33
2024-12-07,35623.62,658.78,3.61,60430.02,Rural,Furniture,32257.2
2024-12-08,81938.07,255.24,7.97,25809.85,Rural,Electronics,41683.57
2024-12-09,29190.86,638.61,0.53,26121.2,Rural,Grocery,5337.99
2024-12-10,69742.76,667.69,8.8,77252.02,Rural,Electronics,59540.85
2024-12-11,77221.65,194.42,23.19,5771.34,Suburban,Furniture,48646.28
2024-12-12,61585.68,108.28,15.54,58703.75,Urban,Clothing,62654.89
2024-12-13,49799.74,791.72,10.44,57968.46,Rural,Electronics,39768.95
2024-12-14,44124.89,486.81,11.15,51701.72,Suburban,Grocery,37946.82
2024-12-15,38142.49,105.26,0.04,79258.16,Rural,Grocery,44142.83
2024-12-16,93305.27,995.12,8.99,28390.96,Rural,Clothing,27280.53
2024-12-17,83908.84,104.89,19.39,30497.89,Urban,Electronics,68589.79
2024-12-18,96677.56,710.28,29.23,10920.46,Urban,Furniture,51130.49
2024-12-19,16808.24,984.49,25.41,38209.86,Urban,Clothing,30552.21
2024-12-20,74432.41,277.22,0.71,24578.64,Rural,Electronics,32677.0
2024-12-21,94142.34,185.14,26.96,30754.0,Rural,Stationery,63580.2
2024-12-22,22217.14,165.32,23.5,67592.88,Rural,Grocery,54145.32
2024-12-23,11317.15,338.11,23.41,75161.34,Urban,Furniture,55958.75
2024-12-24,75406.46,145.99,13.74,18929.98,Suburban,Furniture,49251.43
2024-12-25,59574.95,707.55,11.94,32938.17,Rural,Furniture,35255.62
2024-12-26,84973.73,109.18,9.09,74647.29,Rural,Grocery,64751.85
2024-12-27,18278.38,533.95,1.97,9635.63,Rural,Electronics,10017.65
2024-12-28,80550.39,996.86,6.85,11927.04,Suburban,Clothing,27428.39
2024-12-29,24154.6,823.27,7.4,17209.32,Rural,Electronics,17925.08
2024-12-30,20547.31,634.46,14.52,49640.96,Suburban,Clothing,31807.38
2024-12-31,20605.25,340.94,22.42,16285.42,Rural,Furniture,35089.14
2025-01-01,82384.6,642.7,14.21,77605.73,Suburban,Electronics,66629.92
2025-01-02,68193.74,550.69,1.74,38503.59,Rural,Furniture,33580.07
2025-01-03,54691.22,454.78,28.73,42613.85,Urban,Stationery,51715.14
2025-01-04,39088.9,174.17,28.28,23499.4,Urban,Furniture,51791.62
2025-01-05,88334.05,892.27,23.56,40322.02,Urban,Furniture,54101.86
2025-01-06,42282.29,477.3,29.74,54643.52,Urban,Clothing,62047.07
2025-01-07,82576.95,234.89,16.33,61338.29,Rural,Stationery,62713.81
2025-01-08,46717.82,399.37,28.88,61540.11,Urban,Furniture,61600.96
2025-01-09,40809.72,443.42,2.27,48341.83,Suburban,Furniture,33623.14
2025-01-10,48954.58,836.16,10.97,72826.98,Urban,Stationery,47872.89
2025-01-11,33630.9,746.93,6.76,66305.59,Urban,Stationery,35599.56
2025-01-12,76022.89,780.84,5.87,61778.61,Urban,Electronics,51990.46
2025-01-13,52758.44,60.48,4.22,9170.41,Rural,Clothing,25500.21
2025-01-14,27060.21,445.35,18.67,5515.85,Urban,Stationery,25100.87
2025-01-15,90459.58,507.28,23.44,20933.55,Suburban,Stationery,48235.45
2025-01-16,41469.67,68.23,17.35,54764.27,Urban,Grocery,52590.41
2025-01-17,56637.52,296.82,4.41,35839.81,Urban,Stationery,33013.14
2025-01-18,91114.85,772.28,24.33,35180.47,Urban,Clothing,57340.8
2025-01-19,64302.61,180.25,19.08,71344.02,Suburban,Furniture,68991.36
2025-01-20,16105.31,558.54,11.64,72167.21,Urban,Furniture,44813.71
2025-01-21,94284.05,254.44,20.22,73188.14,Suburban,Furniture,76685.91
2025-01-22,64632.27,61.51,7.8,28540.86,Suburban,Furniture,42844.04
2025-01-23,36816.03,279.14,10.36,56829.19,Urban,Grocery,48075.51
2025-01-24,18230.85,977.08,27.52,25372.49,Suburban,Stationery,24727.53
2025-01-25,80432.39,811.46,8.72,19295.74,Rural,Furniture,25578.34
2025-01-26,63906.91,961.6,14.1,18847.43,Urban,Electronics,34345.18
2025-01-27,55678.8,513.46,26.7,30658.07,Urban,Furniture,51906.98
2025-01-28,89919.8,154.25,21.23,37246.82,Suburban,Stationery,60168.7
2025-01-29,79916.74,570.56,1.87,67321.19,Suburban,Furniture,53989.95
2025-01-30,19409.11,481.66,4.42,13991.83,Urban,Grocery,13846.84
2025-01-31,34613.6,852.14,0.24,60119.44,Rural,Clothing,24030.41
2025-02-01,28606.47,143.18,18.93,44859.12,Suburban,Clothing,43416.59
2025-02-02,75674.9,513.83,13.43,26595.9,Suburban,Stationery,37976.64
2025-02-03,8185.58,192.55,4.03,41961.47,Rural,Clothing,24899.19
2025-02-04,59139.52,358.44,28.74,27495.66,Rural,Clothing,45695.89
2025-02-05,77433.58,750.49,15.89,49706.15,Urban,Electronics,55057.78
2025-02-06,88292.74,502.22,7.26,37538.29,Rural,Stationery,39371.07
2025-02-07,37497.77,407.09,15.02,17330.41,Urban,Stationery,29820.75
2025-02-08,83019.44,424.75,20.39,13743.73,Rural,Clothing,44796.71
2025-02-09,15510.02,486.47,2.29,46002.18,Suburban,Clothing,23689.86
2025-02-10,85412.97,795.77,8.24,72680.98,Urban,Clothing,59316.96
2025-02-11,17111.42,897.48,24.21,30796.83,Urban,Grocery,27165.75
2025-02-12,42742.29,957.57,13.79,59975.01,Urban,Furniture,42482.4
2025-02-13,80743.06,797.56,16.4,54399.6,Rural,Grocery,47750.98
2025-02-14,19242.16,349.64,12.98,74866.62,Suburban,Stationery,42898.13
2025-02-15,26778.88,703.73,1.32,66573.58,Urban,Electronics,38304.59
2025-02-16,73613.99,465.72,4.97,47495.39,Urban,Furniture,52713.2
2025-02-17,73403.47,291.94,13.37,54277.29,Urban,Electronics,61416.5
2025-02-18,65909.03,848.83,6.28,72378.98,Urban,Stationery,46675.31
2025-02-19,70925.1,86.51,1.5,34963.91,Suburban,Stationery,38472.99
2025-02-20,56558.82,906.67,25.31,29509.6,Rural,Electronics,38639.98
2025-02-21,28920.91,488.4,29.44,5810.83,Suburban,Electronics,31719.3
2025-02-22,37841.12,655.34,23.79,66991.33,Urban,Electronics,57392.82
2025-02-23,22251.78,676.39,25.61,65073.55,Suburban,Stationery,43674.97
2025-02-24,91302.8,900.36,7.26,12834.09,Urban,Clothing,33679.88
2025-02-25,60422.22,654.84,28.82,48264.3,Rural,Electronics,56611.33
2025-02-26,43080.88,633.24,5.91,39798.63,Rural,Furniture,27038.45
2025-02-27,48890.55,113.32,28.54,13903.18,Rural,Stationery,45470.81
2025-02-28,94991.92,542.49,29.84,78542.62,Urban,Grocery,79880.44
2025-03-01,19568.38,192.66,21.35,21102.19,Suburban,Grocery,32104.53
2025-03-02,60691.83,750.56,29.43,10042.56,Rural,Furniture,38387.19
2025-03-03,53059.42,536.61,17.09,49613.55,Urban,Clothing,51633.77
2025-03-04,63088.15,696.22,7.79,60415.0,Urban,Electronics,50382.73
2025-03-05,6720.47,89.59,13.11,7433.26,Suburban,Stationery,19155.39
2025-03-06,87851.77,130.55,17.81,54403.82,Rural,Electronics,67431.99
2025-03-07,93551.24,730.51,2.19,44921.89,Urban,Stationery,41274.45
2025-03-08,58687.65,118.48,18.67,12744.88,Suburban,Grocery,41026.38
2025-03-09,71181.83,117.69,29.44,17939.29,Rural,Electronics,54796.06
2025-03-10,92637.44,61.5,5.7,47598.07,Suburban,Furniture,57782.87
2025-03-11,72187.67,958.68,23.78,27226.82,Suburban,Clothing,37920.35
2025-03-12,19491.21,750.63,27.24,75373.68,Urban,Furniture,57459.85
2025-03-13,59747.39,385.59,28.31,66405.52,Urban,Clothing,69040.85
2025-03-14,62637.93,331.71,28.8,78767.54,Urban,Electronics,87478.66
2025-03-15,45292.41,382.22,15.64,24475.31,Suburban,Electronics,38775.81
2025-03-16,74962.2,785.92,29.32,77729.27,Urban,Clothing,69400.55
2025-03-17,93764.87,678.3,22.72,37342.54,Suburban,Grocery,53705.18
2025-03-18,92929.01,225.94,4.85,31063.91,Suburban,Stationery,44420.94
2025-03-19,47829.74,215.4,14.31,8776.21,Urban,Furniture,40048.05
2025-03-20,15757.61,143.48,21.55,8957.39,Rural,Furniture,27935.46
2025-03-21,98559.91,677.29,7.42,56900.84,Rural,Furniture,47154.84
2025-03-22,84695.32,776.15,19.22,39344.67,Rural,Electronics,51647.84
2025-03-23,16842.95,301.79,20.0,21989.12,Suburban,Furniture,30067.74
2025-03-24,92479.98,69.9,4.88,51047.77,Suburban,Stationery,53133.87
2025-03-25,87640.15,128.06,16.95,23964.36,Suburban,Stationery,50062.64
2025-03-26,54289.62,969.47,23.15,48322.38,Urban,Clothing,46049.45
2025-03-27,61171.17,330.67,14.97,31940.66,Suburban,Electronics,48538.36
2025-03-28,42905.26,780.76,0.36,66766.42,Urban,Stationery,31098.6
2025-03-29,10202.36,643.43,0.27,66552.21,Urban,Grocery,26272.03
2025-03-30,36843.74,412.84,10.71,40801.28,Rural,Electronics,36089.49
2025-03-31,81271.08,245.4,27.79,31311.43,Rural,Electronics,62485.0
2025-04-01,5440.04,165.32,6.86,32191.98,Rural,Stationery,19643.65
2025-04-02,36682.42,634.26,19.03,65428.59,Urban,Grocery,51099.92
2025-04-03,42826.03,785.9,6.66,29613.46,Urban,Clothing,26553.34
2025-04-04,56052.58,661.71,9.65,20679.45,Urban,Stationery,28153.4
2025-04-05,92386.28,553.79,25.44,11351.63,Suburban,Grocery,48425.59
2025-04-06,37902.87,89.85,21.87,40001.98,Urban,Electronics,52430.28
2025-04-07,37960.55,970.06,2.86,41159.91,Rural,Grocery,15511.61
2025-04-08,75062.62,808.78,12.86,68068.15,Rural,Electronics,54177.89
2025-04-09,47960.7,328.18,0.88,21592.9,Urban,Stationery,25661.13
2025-04-10,26337.46,980.97,14.43,33574.35,Urban,Stationery,20852.88
2025-04-11,47981.75,621.79,19.87,65630.43,Rural,Furniture,50549.35
2025-04-12,18381.42,603.3,3.56,66771.77,Urban,Furniture,34422.29
2025-04-13,21756.76,760.67,8.67,33845.83,Rural,Furniture,20825.62
2025-04-14,52344.94,821.18,11.94,39434.3,Suburban,Stationery,33171.45
2025-04-15,44797.92,673.65,27.59,27746.44,Rural,Clothing,38004.07
2025-04-16,91910.36,171.69,29.8,74941.62,Suburban,Stationery,85719.87
2025-04-17,39427.42,371.35,1.35,13898.28,Urban,Grocery,19148.85
2025-04-18,60155.89,931.68,22.83,75031.21,Urban,Stationery,57181.3
2025-04-19,65065.11,263.38,11.15,56289.98,Suburban,Stationery,50068.22
2025-04-20,6243.97,403.56,11.77,44867.91,Urban,Electronics,37199.78
2025-04-21,68036.05,460.47,22.63,7449.43,Suburban,Electronics,43439.84
2025-04-22,21913.42,467.43,27.55,40669.71,Urban,Electronics,55910.36
2025-04-23,96301.68,632.29,28.53,35581.11,Rural,Stationery,54147.25
2025-04-24,19122.96,945.92,17.31,17091.41,Urban,Clothing,20015.02
2025-04-25,44389.29,278.66,10.71,54230.72,Rural,Grocery,40470.52
2025-04-26,13108.22,165.43,23.63,77836.32,Rural,Grocery,53796.1
2025-04-27,99703.05,237.6,7.53,47164.16,Suburban,Clothing,55822.33
2025-04-28,52708.53,892.58,16.92,58606.5,Urban,Clothing,46532.06
2025-04-29,61561.58,663.52,10.76,10133.78,Suburban,Grocery,30991.5
2025-04-30,11372.27,321.61,19.7,36325.02,Urban,Furniture,39436.4
2025-05-01,76246.24,825.15,7.21,13726.89,Rural,Electronics,22564.59
2025-05-02,24941.03,868.3,5.75,50959.69,Rural,Electronics,25327.18
2025-05-03,90315.16,854.19,27.55,75386.16,Urban,Grocery,67305.91
2025-05-04,24488.27,922.98,3.05,54633.33,Urban,Clothing,24051.68
2025-05-05,23115.33,289.63,15.18,10760.23,Suburban,Furniture,26721.31
2025-05-06,8472.22,767.29,6.63,31599.97,Urban,Grocery,16954.99
2025-05-07,49846.36,487.51,1.17,46299.75,Urban,Electronics,40056.25
2025-05-08,58659.91,849.9,1.08,35240.58,Urban,Stationery,22086.69
2025-05-09,11242.32,742.07,5.26,67523.3,Suburban,Clothing,28244.84
2025-05-10,78675.12,787.63,26.0,66100.33,Urban,Stationery,62298.53
2025-05-11,48062.44,673.35,8.47,50887.33,Rural,Grocery,29589.21
2025-05-12,54817.08,218.56,28.51,33009.35,Suburban,Electronics,59786.87
2025-05-13,46872.46,567.78,17.45,24150.23,Suburban,Furniture,32695.88
2025-05-14,43072.49,985.44,13.1,12940.57,Rural,Stationery,11355.85
2025-05-15,58165.83,940.52,17.4,31617.33,Rural,Furniture,30438.42
2025-05-16,19747.82,91.02,15.5,35987.94,Rural,Electronics,40555.17
2025-05-17,22283.17,206.57,22.76,55686.72,Urban,Stationery,56259.03
2025-05-18,86869.63,175.14,8.47,54361.99,Rural,Furniture,53448.54
2025-05-19,94880.97,739.68,10.59,10258.11,Urban,Furniture,32429.79
2025-05-20,40464.39,826.9,26.82,34644.45,Suburban,Stationery,37481.28
2025-05-21,30720.74,252.84,28.39,18633.42,Suburban,Electronics,45547.47
2025-05-22,66179.96,530.56,26.78,16760.95,Rural,Furniture,44829.56
2025-05-23,43829.75,848.67,12.58,67047.66,Urban,Grocery,42233.49
2025-05-24,7411.7,746.16,23.41,8143.64,Rural,Stationery,12961.63
2025-05-25,19834.5,565.13,14.29,36438.72,Rural,Clothing,27250.86
2025-05-26,73017.36,610.83,14.93,17615.27,Urban,Clothing,40639.91
2025-05-27,67597.77,532.94,6.14,70949.77,Rural,Electronics,46464.74
2025-05-28,7574.12,332.67,17.73,46778.04,Suburban,Grocery,34927.62
2025-05-29,26087.36,586.77,5.58,22353.55,Rural,Furniture,16908.61
2025-05-30,26952.11,704.44,9.95,42682.05,Urban,Clothing,27455.69
2025-05-31,68829.81,879.66,25.65,59861.48,Urban,Electronics,66710.71
2025-06-01,6872.5,654.48,6.21,76858.85,Suburban,Grocery,31114.35
2025-06-02,14890.32,773.07,2.13,21533.45,Urban,Grocery,8505.35
2025-06-03,80992.03,202.07,2.07,71463.63,Urban,Electronics,64204.79
2025-06-04,21961.74,488.48,28.22,75072.81,Suburban,Electronics,60896.02
2025-06-05,67010.88,58.87,15.21,73731.54,Rural,Furniture,62482.7
2025-06-06,27627.36,284.34,12.28,52656.08,Suburban,Electronics,43599.46
2025-06-07,14446.93,740.14,24.33,52236.55,Rural,Furniture,41416.07
2025-06-08,28101.36,992.22,25.07,35240.8,Suburban,Furniture,33276.82
2025-06-09,73615.36,144.22,9.97,61429.84,Rural,Stationery,51675.29
2025-06-10,86291.16,431.42,20.81,44847.05,Suburban,Grocery,60234.41
2025-06-11,83870.89,810.07,23.13,55807.86,Rural,Grocery,53675.45
2025-06-12,42732.44,243.83,19.64,37134.34,Suburban,Grocery,43591.16
2025-06-13,68468.09,577.33,4.55,59862.23,Rural,Stationery,39662.4
2025-06-14,24473.51,746.42,26.28,66835.36,Suburban,Furniture,53752.75
2025-06-15,32849.03,635.19,16.17,15982.72,Urban,Furniture,34675.83
2025-06-16,90151.9,228.62,8.47,67469.73,Rural,Electronics,65732.25
2025-06-17,6235.18,387.62,12.76,45522.24,Suburban,Stationery,31633.63
2025-06-18,13123.31,794.6,1.13,68349.94,Rural,Electronics,24774.29
2025-06-19,24749.19,576.52,3.84,37347.63,Rural,Stationery,14437.75
2025-06-20,7520.56,54.97,22.97,33428.04,Suburban,Electronics,44336.4
2025-06-21,22236.37,772.94,0.0,73629.55,Rural,Clothing,27005.6
2025-06-22,60388.95,83.55,12.5,23837.7,Suburban,Grocery,38345.56
2025-06-23,45035.33,758.45,15.68,68315.92,Urban,Grocery,48040.24
2025-06-24,89803.81,242.36,1.64,41301.54,Rural,Furniture,46021.53
2025-06-25,82657.14,960.17,29.19,43557.16,Urban,Clothing,58367.43
2025-06-26,37472.65,399.54,6.78,28135.12,Rural,Grocery,24641.09
2025-06-27,29645.23,360.59,9.13,47978.17,Rural,Furniture,35948.79
2025-06-28,41070.78,191.44,9.12,29390.84,Rural,Clothing,30382.53
2025-06-29,61078.02,340.32,6.91,7945.21,Suburban,Grocery,23901.82
2025-06-30,30466.05,882.82,0.04,25399.9,Urban,Electronics,12344.31
2025-07-01,64294.15,996.52,21.88,5478.43,Rural,Stationery,26925.88
2025-07-02,43894.11,399.89,29.01,78376.61,Suburban,Clothing,68702.63
2025-07-03,57444.48,476.18,6.73,77431.04,Rural,Furniture,50692.62
2025-07-04,46432.02,735.97,19.89,34636.65,Suburban,Clothing,34885.42
2025-07-05,32974.25,891.89,22.26,59627.81,Rural,Furniture,49982.59
2025-07-06,95103.06,613.39,25.45,30935.46,Urban,Clothing,56029.91
2025-07-07,77542.55,421.95,12.68,55331.99,Urban,Furniture,57562.13
2025-07-08,18310.75,441.99,9.09,65407.25,Rural,Grocery,35908.33
2025-07-09,87504.46,710.84,9.76,76006.72,Suburban,Electronics,62925.48
2025-07-10,51305.96,53.06,21.38,35015.92,Rural,Grocery,51185.11
2025-07-11,89982.46,638.61,24.5,63747.35,Suburban,Electronics,75318.02
2025-07-12,80986.25,387.72,5.45,24944.63,Rural,Grocery,34571.83
2025-07-13,45395.28,804.49,11.13,79274.92,Suburban,Grocery,43345.75
2025-07-14,7134.58,138.34,27.06,6932.72,Urban,Clothing,33277.94
2025-07-15,30524.35,608.79,24.2,50264.66,Rural,Stationery,41539.34
2025-07-16,56455.25,506.92,29.55,54462.95,Urban,Furniture,70345.41
2025-07-17,65180.43,660.21,22.63,56603.42,Urban,Furniture,56381.16
2025-07-18,29499.33,111.61,11.8,14029.07,Rural,Furniture,30679.48
2025-07-19,18238.83,600.98,17.72,75389.73,Rural,Electronics,48464.7
2025-07-20,84318.37,583.41,19.83,18588.75,Suburban,Furniture,47865.11
2025-07-21,98518.21,582.63,2.35,51706.51,Suburban,Furniture,48557.01
2025-07-22,54940.57,623.31,16.33,21700.71,Urban,Clothing,33552.5
2025-07-23,21309.53,692.64,21.28,28041.23,Suburban,Grocery,30241.65
2025-07-24,30869.2,814.74,5.02,45984.39,Suburban,Furniture,27194.58
2025-07-25,6747.11,306.33,23.42,36289.51,Rural,Stationery,35453.99
2025-07-26,91858.39,833.8,17.51,17016.92,Suburban,Furniture,40709.29
2025-07-27,16186.35,523.34,28.57,17820.23,Urban,Electronics,37381.5
2025-07-28,59769.07,123.21,1.27,36360.86,Suburban,Electronics,36471.65
2025-07-29,31035.25,105.62,7.96,61796.22,Urban,Electronics,53557.56
2025-07-30,57646.91,367.53,18.05,72347.35,Rural,Furniture,61813.71
2025-07-31,66884.94,795.65,8.9,11309.57,Urban,Clothing,22806.65
2025-08-01,83825.47,722.3,21.43,34482.79,Suburban,Stationery,45821.57
2025-08-02,24610.02,799.18,22.77,12518.42,Rural,Furniture,21450.9
2025-08-03,6044.6,541.41,3.08,6244.44,Suburban,Clothing,1000.0
2025-08-04,18004.13,468.19,15.42,54628.9,Rural,Clothing,34120.67
2025-08-05,90501.77,190.08,15.27,50183.71,Rural,Furniture,58641.14
2025-08-06,88019.56,361.78,11.08,17226.43,Suburban,Furniture,41755.34
2025-08-07,61754.24,462.32,27.99,22535.96,Suburban,Clothing,46379.29
2025-08-08,62049.1,134.17,24.83,6778.08,Rural,Clothing,38343.47
2025-08-09,68178.48,259.58,20.92,67621.04,Rural,Clothing,69156.85
2025-08-10,21660.27,618.31,21.43,78101.79,Suburban,Furniture,57084.9
2025-08-11,91869.13,748.88,13.85,15159.47,Urban,Clothing,36935.45
2025-08-12,44783.2,998.43,27.63,22360.64,Suburban,Electronics,37625.58
2025-08-13,41398.16,936.46,20.84,70130.71,Rural,Furniture,48447.77
2025-08-14,54297.18,660.44,21.87,74484.78,Suburban,Electronics,65666.11
2025-08-15,9461.77,450.19,25.85,36472.05,Urban,Grocery,37290.12
2025-08-16,20796.92,654.37,8.22,8796.69,Suburban,Furniture,15456.35
2025-08-17,75113.19,796.37,24.21,7954.39,Rural,Grocery,31746.61
2025-08-18,12865.87,162.42,5.86,48046.24,Suburban,Clothing,28499.65
2025-08-19,62299.45,439.41,10.36,34467.13,Rural,Clothing,38127.0
2025-08-20,28308.17,847.81,10.07,7148.93,Rural,Stationery,8954.65
2025-08-21,41983.08,414.64,29.36,48743.93,Suburban,Clothing,62189.97
2025-08-22,32425.9,593.28,25.7,5847.69,Rural,Grocery,22201.93
2025-08-23,38788.91,608.38,21.04,64052.9,Rural,Clothing,49943.57
2025-08-24,73309.36,225.25,21.81,27982.46,Urban,Furniture,56238.75
2025-08-25,33226.56,394.12,16.86,8019.35,Urban,Clothing,30366.8
2025-08-26,58808.44,367.79,28.41,49126.42,Urban,Stationery,57451.52
2025-08-27,50224.79,74.89,14.89,34826.33,Urban,Clothing,45341.56
2025-08-28,68048.76,72.98,11.42,78035.03,Rural,Grocery,60782.04
2025-08-29,93998.83,840.11,4.89,45814.9,Suburban,Grocery,39793.86
2025-08-30,74594.35,309.42,23.59,25642.94,Rural,Clothing,48035.69
2025-08-31,25419.34,542.17,22.03,58207.91,Rural,Grocery,44678.81
2025-09-01,7962.4,333.79,11.53,25361.9,Rural,Grocery,21740.99
2025-09-02,29915.08,943.65,0.76,72818.25,Suburban,Stationery,28119.13
2025-09-03,61532.4,296.33,25.17,33104.15,Urban,Furniture,61740.34
2025-09-04,9885.45,458.17,0.34,46240.14,Rural,Stationery,16770.29
2025-09-05,52154.79,879.09,21.11,8792.98,Rural,Electronics,24374.03
2025-09-06,61700.07,849.84,29.11,36959.09,Urban,Stationery,52153.66
2025-09-07,36753.17,226.8,13.13,67427.27,Rural,Clothing,47675.55
2025-09-08,78236.66,812.51,7.05,65423.66,Suburban,Furniture,51027.57
2025-09-09,15126.83,485.28,21.15,21823.89,Rural,Clothing,30078.34
2025-09-10,12138.09,508.82,24.51,21955.93,Rural,Electronics,32436.62
2025-09-11,74177.93,176.81,16.39,66297.9,Urban,Furniture,66123.46
2025-09-12,52071.68,126.57,29.01,74779.88,Rural,Grocery,68572.33
2025-09-13,70398.23,741.54,1.55,12152.07,Rural,Stationery,17592.01
2025-09-14,46308.6,521.64,15.14,38754.4,Suburban,Clothing,38299.93
2025-09-15,28408.19,465.01,21.55,30309.07,Urban,Electronics,42830.36
2025-09-16,82814.72,743.03,25.88,70301.63,Urban,Grocery,70735.33
2025-09-17,80944.51,777.24,5.38,11264.37,Suburban,Stationery,23718.99
2025-09-18,70996.16,200.96,24.0,20834.45,Rural,Grocery,48609.11
2025-09-19,30853.79,629.71,16.58,61435.13,Urban,Stationery,43178.36
2025-09-20,61071.91,178.59,11.9,8847.04,Urban,Furniture,37434.6
2025-09-21,39292.52,763.81,3.95,41940.15,Rural,Grocery,22870.44
2025-09-22,13700.3,674.11,25.96,38158.03,Rural,Grocery,33678.4
2025-09-23,92144.79,958.78,4.72,30080.09,Urban,Grocery,32044.89
2025-09-24,17997.77,115.51,9.29,34592.92,Rural,Furniture,33591.0
2025-09-25,95272.55,104.2,8.7,44745.54,Urban,Electronics,62666.26
2025-09-26,47370.55,318.08,26.14,17102.55,Rural,Stationery,36311.23
